"","word"
"1","shebang"
"2","slashdot"
"3","1gl"
"4","first"
"5","generation"
"6","programming"
"7","language"
"8","1nf"
"9","normal"
"10","form"
"11","10b2"
"12","10base"
"13","2"
"14","10b5"
"15","5"
"16","10b"
"17","f"
"18","fb"
"19","fl"
"20","fp"
"21","t"
"22","100b"
"23","fx"
"24","100base"
"25","tx"
"26","100bvg"
"27","vg"
"28","286"
"29","intel"
"30","80286"
"31","processor"
"32","2b1q"
"33","binary"
"34","1"
"35","quaternary"
"36","2fa"
"37","two"
"38","factor"
"39","authentication"
"40","2gl"
"41","second"
"42","2nf"
"43","3gl"
"44","third"
"45","3gpp"
"46","3rd"
"47","partnership"
"48","project"
"49","3g"
"50","comms"
"51","3gpp2"
"52","3nf"
"53","386"
"54","80386"
"55","486"
"56","80486"
"57","4b5blf"
"58","4"
"59","byte"
"60","local"
"61","fiber"
"62","4gl"
"63","fourth"
"64","4nf"
"65","5gl"
"66","fifth"
"67","5nf"
"68","6nf"
"69","sixth"
"70","8b10blf"
"71","8"
"72","10"
"73","802.11"
"74","wireless"
"75","lan"
"76","aaa"
"77","authorization"
"78","accounting"
"79","aabb"
"80","axis"
"81","aligned"
"82","bounding"
"83","box"
"84","aac"
"85","advanced"
"86","audio"
"87","coding"
"88","aal"
"89","atm"
"90","adaptation"
"91","layer"
"92","aalc"
"93","connection"
"94","aarp"
"95","appletalk"
"96","address"
"97","resolution"
"98","protocol"
"99","abac"
"100","attribute"
"101","based"
"102","access"
"103","control"
"104","abcl"
"105","actor"
"106","concurrent"
"107","abi"
"108","application"
"109","interface"
"110","abm"
"111","asynchronous"
"112","balanced"
"113","mode"
"114","abr"
"115","area"
"116","border"
"117","router"
"118","auto"
"119","baud"
"120","rate"
"121","detection"
"122","available"
"123","bitrate"
"124","average"
"125","ac"
"126","acoustic"
"127","coupler"
"128","alternating"
"129","current"
"130","acd"
"131","automatic"
"132","call"
"133","distributor"
"134","ace"
"135","computing"
"136","environment"
"137","acid"
"138","atomicity"
"139","consistency"
"140","isolation"
"141","durability"
"142","ack"
"143","acknowledgement"
"144","amsterdam"
"145","compiler"
"146","kit"
"147","acl"
"148","list"
"149","active"
"150","loop"
"151","acm"
"152","association"
"153","for"
"154","machinery"
"155","acme"
"156","automated"
"157","classification"
"158","of"
"159","medical"
"160","entities"
"161","acp"
"162","airline"
"163","program"
"164","acpi"
"165","configuration"
"166","and"
"167","power"
"168","acr"
"169","allowed"
"170","cell"
"171","attenuation"
"172","to"
"173","crosstalk"
"174","ratio"
"175","ad"
"176","directory"
"177","administrative"
"178","domain"
"179","adc"
"180","analog"
"181","digital"
"182","converter"
"183","apple"
"184","display"
"185","connector"
"186","adb"
"187","desktop"
"188","bus"
"189","adccp"
"190","data"
"191","communications"
"192","procedures"
"193","ado"
"194","activex"
"195","objects"
"196","adsl"
"197","asymmetric"
"198","subscriber"
"199","line"
"200","adt"
"201","abstract"
"202","type"
"203","ae"
"204","adaptive"
"205","equalizer"
"206","aes"
"207","encryption"
"208","standard"
"209","af"
"210","anisotropic"
"211","filtering"
"212","afp"
"213","filing"
"214","agp"
"215","accelerated"
"216","graphics"
"217","port"
"218","ah"
"219","hub"
"220","ai"
"221","artificial"
"222","intelligence"
"223","aix"
"224","interactive"
"225","executive"
"226","ajax"
"227","javascript"
"228","xml"
"229","al"
"230","link"
"231","alac"
"232","lossless"
"233","codec"
"234","algol"
"235","algorithmic"
"236","alsa"
"237","linux"
"238","sound"
"239","architecture"
"240","alu"
"241","arithmetic"
"242","logical"
"243","unit"
"244","am"
"245","method"
"246","matrix"
"247","amoled"
"248","organic"
"249","light"
"250","emitting"
"251","diode"
"252","monitor"
"253","allied"
"254","mastercomputer"
"255","amplitude"
"256","modulation"
"257","amd"
"258","micro"
"259","devices"
"260","amqp"
"261","message"
"262","queuing"
"263","amr"
"264","modem"
"265","riser"
"266","ann"
"267","neural"
"268","network"
"269","ansi"
"270","american"
"271","national"
"272","standards"
"273","institute"
"274","ant"
"275","another"
"276","neat"
"277","tool"
"278","aoe"
"279","ata"
"280","over"
"281","ethernet"
"282","aop"
"283","aspect"
"284","oriented"
"285","apci"
"286","information"
"287","api"
"288","apic"
"289","programmable"
"290","interrupt"
"291","controller"
"292","apipa"
"293","private"
"294","ip"
"295","addressing"
"296","apl"
"297","a"
"298","apr"
"299","apache"
"300","portable"
"301","runtime"
"302","arc"
"303","replacement"
"304","cache"
"305","risc"
"306","arin"
"307","registry"
"308","internet"
"309","numbers"
"310","arm"
"311","machines"
"312","aros"
"313","research"
"314","operating"
"315","system"
"316","arp"
"317","arpa"
"318","routing"
"319","parameter"
"320","projects"
"321","agency"
"322","arpanet"
"323","as"
"324","server"
"325","ascii"
"326","code"
"327","interchange"
"328","authip"
"329","authenticated"
"330","aset"
"331","security"
"332","enhancement"
"333","asg"
"334","semantic"
"335","graph"
"336","asic"
"337","specific"
"338","integrated"
"339","circuit"
"340","asimo"
"341","step"
"342","in"
"343","innovative"
"344","mobility"
"345","aslr"
"346","space"
"347","layout"
"348","randomization"
"349","asm"
"350","state"
"351","machine"
"352","asmp"
"353","multiprocessing"
"354","asn"
"355","syntax"
"356","notation"
"357","asp"
"358","pages"
"359","service"
"360","provider"
"361","asr"
"362","signal"
"363","routine"
"364","ast"
"365","tree"
"366","at"
"367","technology"
"368","time"
"369","terminator"
"370","attachment"
"371","atag"
"372","authoring"
"373","accessibility"
"374","guidelines"
"375","atapi"
"376","packet"
"377","transfer"
"378","av"
"379","antivirus"
"380","avc"
"381","video"
"382","avi"
"383","interleaved"
"384","awk"
"385","aho"
"386","weinberger"
"387","kernighan"
"388","awt"
"389","window"
"390","toolkit"
"391","awfl"
"392","acronym"
"393","with"
"394","four"
"395","letters"
"396","b2b"
"397","business"
"398","b2c"
"399","consumer"
"400","b2e"
"401","employee"
"402","bal"
"403","basic"
"404","assembly"
"405","bam"
"406","block"
"407","availability"
"408","map"
"409","bash"
"410","bourne"
"411","again"
"412","shell"
"413","beginner's"
"414","all"
"415","purpose"
"416","symbolic"
"417","instruction"
"418","bbp"
"419","baseband"
"420","bbs"
"421","bulletin"
"422","board"
"423","bc"
"424","continuity"
"425","bcd"
"426","coded"
"427","decimal"
"428","boot"
"429","bcnf"
"430","boyce"
"431","codd"
"432","beep"
"433","blocks"
"434","extensible"
"435","exchange"
"436","ber"
"437","bit"
"438","error"
"439","bfd"
"440","bidirectional"
"441","forwarding"
"442","file"
"443","descriptor"
"444","bfs"
"445","breadth"
"446","search"
"447","bft"
"448","byzantine"
"449","fault"
"450","tolerant"
"451","bgp"
"452","gateway"
"453","bi"
"454","bidi"
"455","directional"
"456","bin"
"457","binac"
"458","computer"
"459","bind"
"460","berkeley"
"461","name"
"462","bios"
"463","input"
"464","output"
"465","bjt"
"466","bipolar"
"467","junction"
"468","transistor"
"469","digit"
"470","blob"
"471","large"
"472","object"
"473","blog"
"474","web"
"475","log"
"476","bmp"
"477","multilingual"
"478","plane"
"479","bnc"
"480","bayonet"
"481","neill"
"482","concelman"
"483","boinc"
"484","open"
"485","infrastructure"
"486","bom"
"487","order"
"488","mark"
"489","bootp"
"490","bootstrap"
"491","bpdu"
"492","bridge"
"493","bpel"
"494","process"
"495","execution"
"496","bpl"
"497","broadband"
"498","lines"
"499","bpm"
"500","management"
"501","modeling"
"502","bps"
"503","bits"
"504","per"
"505","brm"
"506","reference"
"507","model"
"508","brms"
"509","rule"
"510","brr"
"511","readiness"
"512","rating"
"513","brs"
"514","radio"
"515","bsa"
"516","software"
"517","alliance"
"518","bsb"
"519","backside"
"520","bsd"
"521","distribution"
"522","bsod"
"523","blue"
"524","screen"
"525","death"
"526","bss"
"527","started"
"528","by"
"529","symbol"
"530","bt"
"531","bittorrent"
"532","bluetooth"
"533","b"
"534","tam"
"535","telecommunications"
"536","bw"
"537","bandwidth"
"538","byod"
"539","bring"
"540","your"
"541","own"
"542","device"
"543","eight"
"544","group"
"545","ca"
"546","accountancy"
"547","cad"
"548","aided"
"549","design"
"550","cae"
"551","engineering"
"552","caid"
"553","industrial"
"554","cai"
"555","cam"
"556","manufacturing"
"557","captcha"
"558","completely"
"559","public"
"560","turing"
"561","test"
"562","tell"
"563","computers"
"564","humans"
"565","apart"
"566","cat"
"567","translation"
"568","caq"
"569","quality"
"570","assurance"
"571","case"
"572","cc"
"573","c"
"574","cd"
"575","compact"
"576","disc"
"577","cde"
"578","common"
"579","cdfs"
"580","disk"
"581","cdma"
"582","division"
"583","multiple"
"584","cdn"
"585","content"
"586","delivery"
"587","cdp"
"588","cisco"
"589","discovery"
"590","continuous"
"591","protection"
"592","r"
"593","recordable"
"594","rom"
"595","read"
"596","only"
"597","memory"
"598","rw"
"599","rewritable"
"600","cdsa"
"601","cert"
"602","emergency"
"603","response"
"604","team"
"605","ces"
"606","electronics"
"607","show"
"608","cf"
"609","flash"
"610","cfd"
"611","computational"
"612","fluid"
"613","dynamics"
"614","cfg"
"615","context"
"616","free"
"617","grammar"
"618","flow"
"619","cg"
"620","cga"
"621","color"
"622","array"
"623","cgi"
"624","generated"
"625","imagery"
"626","cgt"
"627","theory"
"628","chap"
"629","challenge"
"630","handshake"
"631","chs"
"632","cylinder"
"633","head"
"634","sector"
"635","cidr"
"636","classless"
"637","inter"
"638","cifs"
"639","filesystem"
"640","cim"
"641","computationally"
"642","independent"
"643","cio"
"644","chief"
"645","officer"
"646","cir"
"647","committed"
"648","cisc"
"649","complex"
"650","set"
"651","cjk"
"652","chinese"
"653","japanese"
"654","korean"
"655","cjkv"
"656","vietnamese"
"657","cli"
"658","command"
"659","clr"
"660","cm"
"661","cmdb"
"662","database"
"663","cmmi"
"664","capability"
"665","maturity"
"666","integration"
"667","cmos"
"668","complementary"
"669","metal"
"670","oxide"
"671","semiconductor"
"672","cmo"
"673","operation"
"674","cms"
"675","cn"
"676","canonical"
"677","cnc"
"678","numerical"
"679","cng"
"680","cryptographic"
"681","next"
"682","cryptography"
"683","cnr"
"684","networking"
"685","cobol"
"686","com"
"687","component"
"688","or"
"689","communication"
"690","corba"
"691","request"
"692","broker"
"693","cots"
"694","commercial"
"695","off"
"696","the"
"697","shelf"
"698","cpa"
"699","cpan"
"700","comprehensive"
"701","perl"
"702","archive"
"703","cp"
"704","m"
"705","cpri"
"706","cps"
"707","characters"
"708","cpu"
"709","central"
"710","processing"
"711","cr"
"712","carriage"
"713","return"
"714","cran"
"715","crc"
"716","cyclic"
"717","redundancy"
"718","check"
"719","crlf"
"720","feeds"
"721","crm"
"722","customer"
"723","relationship"
"724","crs"
"725","reservations"
"726","crt"
"727","cathode"
"728","ray"
"729","tube"
"730","crud"
"731","create"
"732","update"
"733","delete"
"734","cs"
"735","cable"
"736","select"
"737","science"
"738","cse"
"739","csi"
"740","csm"
"741","compatibility"
"742","support"
"743","module"
"744","csma"
"745","carrier"
"746","sense"
"747","collision"
"748","csp"
"749","cloud"
"750","communicating"
"751","sequential"
"752","processes"
"753","csrf"
"754","cross"
"755","site"
"756","forgery"
"757","css"
"758","cascading"
"759","style"
"760","sheets"
"761","scrambling"
"762","closed"
"763","source"
"764","scripting"
"765","csv"
"766","comma"
"767","separated"
"768","values"
"769","ct"
"770","computerized"
"771","tomography"
"772","ctan"
"773","tex"
"774","ctcp"
"775","client"
"776","cti"
"777","telephony"
"778","ctfe"
"779","compile"
"780","function"
"781","ctl"
"782","logic"
"783","ctm"
"784","close"
"785","cts"
"786","clear"
"787","send"
"788","ctss"
"789","compatible"
"790","sharing"
"791","cua"
"792","user"
"793","versions"
"794","versioning"
"795","cvs"
"796","cx"
"797","experience"
"798","dac"
"799","discretionary"
"800","dal"
"801","abstraction"
"802","dao"
"803","once"
"804","dap"
"805","darpa"
"806","defense"
"807","dat"
"808","tape"
"809","db"
"810","dba"
"811","administrator"
"812","dbcs"
"813","double"
"814","character"
"815","dbms"
"816","dcc"
"817","direct"
"818","dccp"
"819","datagram"
"820","congestion"
"821","dcca"
"822","debian"
"823","core"
"824","dcl"
"825","dcs"
"826","distributed"
"827","dcmi"
"828","dublin"
"829","metadata"
"830","initiative"
"831","dcom"
"832","dd"
"833","density"
"834","dde"
"835","dynamic"
"836","ddi"
"837","dns"
"838","dhcp"
"839","ddl"
"840","definition"
"841","ddos"
"842","denial"
"843","ddr"
"844","dec"
"845","equipment"
"846","corporation"
"847","des"
"848","dev"
"849","development"
"850","dfa"
"851","deterministic"
"852","finite"
"853","automaton"
"854","dfd"
"855","diagram"
"856","dfs"
"857","depth"
"858","dgd"
"859","dworkin's"
"860","game"
"861","driver"
"862","host"
"863","dhtml"
"864","hypertext"
"865","markup"
"866","dif"
"867","integrity"
"868","field"
"869","dimm"
"870","dual"
"871","inline"
"872","din"
"873","deutsches"
"874","institut"
"875","für"
"876","normung"
"877","dip"
"878","package"
"879","dism"
"880","deployment"
"881","image"
"882","divx"
"883","express"
"884","dkim"
"885","keys"
"886","identified"
"887","mail"
"888","dl"
"889","download"
"890","dll"
"891","library"
"892","dlna"
"893","living"
"894","dlp"
"895","loss"
"896","dma"
"897","dmca"
"898","millennium"
"899","copyright"
"900","act"
"901","dmi"
"902","media"
"903","dml"
"904","manipulation"
"905","definitive"
"906","dmr"
"907","dennis"
"908","ritchie"
"909","dmz"
"910","demilitarized"
"911","zone"
"912","dn"
"913","distinguished"
"914","dnd"
"915","drag"
"916","drop"
"917","doa"
"918","dead"
"919","on"
"920","arrival"
"921","docsis"
"922","specification"
"923","dom"
"924","document"
"925","dos"
"926","dp"
"927","dot"
"928","pitch"
"929","dpc"
"930","deferred"
"931","procedure"
"932","dpi"
"933","deep"
"934","inspection"
"935","dots"
"936","inch"
"937","dpmi"
"938","protected"
"939","dpms"
"940","signaling"
"941","dr"
"942","disaster"
"943","recovery"
"944","dram"
"945","random"
"946","dri"
"947","rendering"
"948","drm"
"949","rights"
"950","manager"
"951","dsa"
"952","signature"
"953","algorithm"
"954","dsdl"
"955","schema"
"956","languages"
"957","dsdm"
"958","systems"
"959","dsl"
"960","dslam"
"961","multiplexer"
"962","dsn"
"963","dsp"
"964","dsssl"
"965","semantics"
"966","dtd"
"967","dte"
"968","terminal"
"969","dtp"
"970","publishing"
"971","dtr"
"972","ready"
"973","dvd"
"974","versatile"
"975","dvi"
"976","visual"
"977","dvr"
"978","recorder"
"979","dw"
"980","warehouse"
"981","eai"
"982","enterprise"
"983","eap"
"984","eas"
"985","activesync"
"986","ebcdic"
"987","extended"
"988","ebml"
"989","meta"
"990","ecc"
"991","elliptic"
"992","curve"
"993","ecma"
"994","european"
"995","manufacturers"
"996","ecn"
"997","explicit"
"998","notification"
"999","ecos"
"1000","embedded"
"1001","configurable"
"1002","ecrs"
"1003","expense"
"1004","cost"
"1005","eda"
"1006","electronic"
"1007","automation"
"1008","edge"
"1009","enhanced"
"1010","rates"
"1011","gsm"
"1012","evolution"
"1013","edi"
"1014","edo"
"1015","out"
"1016","edsac"
"1017","delay"
"1018","storage"
"1019","calculator"
"1020","edvac"
"1021","discrete"
"1022","variable"
"1023","eeprom"
"1024","electronically"
"1025","erasable"
"1026","eff"
"1027","frontier"
"1028","foundation"
"1029","efi"
"1030","firmware"
"1031","efm"
"1032","fourteen"
"1033","mile"
"1034","efs"
"1035","encrypting"
"1036","ega"
"1037","e"
"1038","egp"
"1039","exterior"
"1040","eid"
"1041","id"
"1042","card"
"1043","eide"
"1044","ide"
"1045","eigrp"
"1046","interior"
"1047","eisa"
"1048","industry"
"1049","elf"
"1050","extremely"
"1051","low"
"1052","frequency"
"1053","executable"
"1054","linkable"
"1055","format"
"1056","elm"
"1057","emacs"
"1058","editor"
"1059","macros"
"1060","ems"
"1061","expanded"
"1062","eniac"
"1063","integrator"
"1064","eod"
"1065","end"
"1066","day"
"1067","eof"
"1068","eol"
"1069","eom"
"1070","eos"
"1071","epic"
"1072","explicitly"
"1073","parallel"
"1074","eprom"
"1075","erd"
"1076","entity"
"1077","erm"
"1078","erp"
"1079","resource"
"1080","planning"
"1081","esata"
"1082","external"
"1083","sata"
"1084","esb"
"1085","escon"
"1086","esd"
"1087","electrostatic"
"1088","discharge"
"1089","esi"
"1090","stored"
"1091","esr"
"1092","eric"
"1093","steven"
"1094","raymond"
"1095","etl"
"1096","extract"
"1097","transform"
"1098","load"
"1099","etw"
"1100","event"
"1101","tracing"
"1102","windows"
"1103","euc"
"1104","unix"
"1105","eula"
"1106","license"
"1107","agreement"
"1108","ewm"
"1109","work"
"1110","ewmh"
"1111","hints"
"1112","ext"
"1113","eta"
"1114","estimated"
"1115","fap"
"1116","fortran"
"1117","fasm"
"1118","flat"
"1119","assembler"
"1120","fat"
"1121","allocation"
"1122","table"
"1123","faq"
"1124","frequently"
"1125","asked"
"1126","questions"
"1127","fbdimm"
"1128","fully"
"1129","buffered"
"1130","fc"
"1131","fibre"
"1132","channel"
"1133","arbitrated"
"1134","fcb"
"1135","fcs"
"1136","frame"
"1137","sequence"
"1138","fdc"
"1139","floppy"
"1140","fds"
"1141","fedora"
"1142","fdd"
"1143","duplexing"
"1144","drive"
"1145","fddi"
"1146","fdm"
"1147","multiplexing"
"1148","fdma"
"1149","fec"
"1150","forward"
"1151","correction"
"1152","femb"
"1153","front"
"1154","motherboard"
"1155","fet"
"1156","effect"
"1157","fhs"
"1158","hierarchy"
"1159","ficon"
"1160","connectivity"
"1161","fifo"
"1162","fips"
"1163","federal"
"1164","level"
"1165","flac"
"1166","flops"
"1167","floating"
"1168","point"
"1169","operations"
"1170","floss"
"1171","libre"
"1172","fmc"
"1173","fixed"
"1174","mobile"
"1175","convergence"
"1176","uc"
"1177","unified"
"1178","fmo"
"1179","future"
"1180","foldoc"
"1181","dictionary"
"1182","fosdem"
"1183","developers"
"1184","meeting"
"1185","fosi"
"1186","formatted"
"1187","instance"
"1188","foss"
"1189","fpga"
"1190","gate"
"1191","fps"
"1192","fpu"
"1193","fru"
"1194","replaceable"
"1195","fs"
"1196","fsb"
"1197","side"
"1198","fsck"
"1199","fsf"
"1200","fsm"
"1201","ftta"
"1202","antenna"
"1203","fttc"
"1204","curb"
"1205","ftth"
"1206","home"
"1207","fttp"
"1208","premises"
"1209","ftp"
"1210","fqdn"
"1211","qualified"
"1212","fud"
"1213","fear"
"1214","uncertainty"
"1215","doubt"
"1216","fws"
"1217","folding"
"1218","white"
"1219","fxp"
"1220","fyi"
"1221","fvek"
"1222","full"
"1223","volume"
"1224","key"
"1225","g11n"
"1226","globalization"
"1227","gas"
"1228","gnu"
"1229","gb"
"1230","gigabit"
"1231","gigabyte"
"1232","gcc"
"1233","collection"
"1234","gcj"
"1235","java"
"1236","gcr"
"1237","recording"
"1238","gdb"
"1239","debugger"
"1240","gdi"
"1241","gfdl"
"1242","documentation"
"1243","gif"
"1244","gigo"
"1245","garbage"
"1246","gimp"
"1247","gimps"
"1248","great"
"1249","mersenne"
"1250","prime"
"1251","gis"
"1252","geographic"
"1253","glut"
"1254","opengl"
"1255","utility"
"1256","gml"
"1257","geography"
"1258","gnome"
"1259","gnu's"
"1260","not"
"1261","goms"
"1262","goals"
"1263","operators"
"1264","methods"
"1265","selection"
"1266","rules"
"1267","gpasm"
"1268","pic"
"1269","gpfs"
"1270","general"
"1271","gpg"
"1272","privacy"
"1273","guard"
"1274","gpgpu"
"1275","units"
"1276","gpib"
"1277","instrumentation"
"1278","gpl"
"1279","gprs"
"1280","gpt"
"1281","guid"
"1282","partition"
"1283","gpu"
"1284","grub"
"1285","grand"
"1286","loader"
"1287","geran"
"1288","global"
"1289","gtk"
"1290","gui"
"1291","graphical"
"1292","globally"
"1293","unique"
"1294","identifier"
"1295","gwt"
"1296","google"
"1297","gyr"
"1298","it"
"1299","ha"
"1300","high"
"1301","hal"
"1302","hardware"
"1303","hard"
"1304","html"
"1305","rapid"
"1306","hasp"
"1307","houston"
"1308","spooling"
"1309","priority"
"1310","hba"
"1311","adapter"
"1312","hci"
"1313","human"
"1314","interaction"
"1315","hd"
"1316","hdd"
"1317","hcl"
"1318","hdl"
"1319","description"
"1320","hdmi"
"1321","multimedia"
"1322","heci"
"1323","hf"
"1324","hfs"
"1325","hierarchical"
"1326","hhd"
"1327","hybrid"
"1328","hid"
"1329","hig"
"1330","hird"
"1331","hurd"
"1332","interfaces"
"1333","representing"
"1334","hlasm"
"1335","hls"
"1336","http"
"1337","live"
"1338","streaming"
"1339","hma"
"1340","hp"
"1341","hewlett"
"1342","packard"
"1343","hpc"
"1344","performance"
"1345","hpfs"
"1346","hsdpa"
"1347","speed"
"1348","downlink"
"1349","htc"
"1350","throughput"
"1351","hsm"
"1352","ht"
"1353","hyper"
"1354","threading"
"1355","htm"
"1356","temporal"
"1357","httpd"
"1358","transport"
"1359","daemon"
"1360","https"
"1361","secure"
"1362","htx"
"1363","hypertransport"
"1364","expansion"
"1365","replacing"
"1366","daemons"
"1367","hvd"
"1368","holographic"
"1369","hz"
"1370","hertz"
"1371","i"
"1372","s"
"1373","interchip"
"1374","i18n"
"1375","internationalization"
"1376","iana"
"1377","assigned"
"1378","authority"
"1379","ibcs"
"1380","ibm"
"1381","international"
"1382","ic"
"1383","icann"
"1384","names"
"1385","ice"
"1386","emulator"
"1387","intrusion"
"1388","countermeasure"
"1389","ich"
"1390","o"
"1391","icmp"
"1392","icp"
"1393","ics"
"1394","ict"
"1395","idf"
"1396","intermediate"
"1397","idl"
"1398","ids"
"1399","ie"
"1400","explorer"
"1401","iec"
"1402","electrotechnical"
"1403","commission"
"1404","ieee"
"1405","electrical"
"1406","engineers"
"1407","ietf"
"1408","task"
"1409","force"
"1410","ifgict"
"1411","federation"
"1412","green"
"1413","ifl"
"1414","facility"
"1415","igmp"
"1416","igrp"
"1417","ihv"
"1418","vendor"
"1419","iiop"
"1420","orb"
"1421","iis"
"1422","services"
"1423","ike"
"1424","il"
"1425","im"
"1426","instant"
"1427","messaging"
"1428","imap"
"1429","ime"
"1430","imr"
"1431","monthly"
"1432","report"
"1433","infosec"
"1434","iot"
"1435","things"
"1436","intellectual"
"1437","property"
"1438","ipam"
"1439","ipc"
"1440","ipl"
"1441","initial"
"1442","ipmi"
"1443","intelligent"
"1444","platform"
"1445","ipo"
"1446","procedural"
"1447","optimization"
"1448","ipp"
"1449","printing"
"1450","ips"
"1451","switching"
"1452","instructions"
"1453","prevention"
"1454","ipsec"
"1455","iptv"
"1456","television"
"1457","ipv4"
"1458","version"
"1459","ipv6"
"1460","6"
"1461","ipx"
"1462","internetwork"
"1463","ir"
"1464","representation"
"1465","irc"
"1466","relay"
"1467","chat"
"1468","irda"
"1469","infrared"
"1470","iri"
"1471","internationalized"
"1472","irp"
"1473","irq"
"1474","is"
"1475","isa"
"1476","isam"
"1477","indexed"
"1478","isatap"
"1479","intra"
"1480","tunnel"
"1481","isc"
"1482","storm"
"1483","center"
"1484","iscsi"
"1485","small"
"1486","isdn"
"1487","iso"
"1488","organization"
"1489","standardization"
"1490","isns"
"1491","isp"
"1492","ispf"
"1493","productivity"
"1494","isr"
"1495","isv"
"1496","itil"
"1497","itl"
"1498","interval"
"1499","itu"
"1500","telecommunication"
"1501","union"
"1502","ivrs"
"1503","voice"
"1504","ivcr"
"1505","virtual"
"1506","classroom"
"1507","j2ee"
"1508","edition"
"1509","j2me"
"1510","j2se"
"1511","jaxb"
"1512","binding"
"1513","jax"
"1514","rpc"
"1515","remote"
"1516","calls"
"1517","jaxp"
"1518","jbod"
"1519","just"
"1520","bunch"
"1521","disks"
"1522","jce"
"1523","extension"
"1524","jcl"
"1525","job"
"1526","jcp"
"1527","community"
"1528","jdbc"
"1529","jdk"
"1530","jee"
"1531","jes"
"1532","entry"
"1533","subsystem"
"1534","jds"
"1535","jfc"
"1536","classes"
"1537","jfet"
"1538","jfs"
"1539","journaling"
"1540","jini"
"1541","initials"
"1542","jit"
"1543","jme"
"1544","jmx"
"1545","extensions"
"1546","jms"
"1547","jndi"
"1548","naming"
"1549","jni"
"1550","native"
"1551","jnz"
"1552","jump"
"1553","non"
"1554","zero"
"1555","jpeg"
"1556","joint"
"1557","photographic"
"1558","experts"
"1559","jre"
"1560","js"
"1561","jse"
"1562","json"
"1563","jsp"
"1564","jackson"
"1565","structured"
"1566","javaserver"
"1567","jtag"
"1568","action"
"1569","jug"
"1570","users"
"1571","jvm"
"1572","k"
"1573","kb"
"1574","keyboard"
"1575","kilobit"
"1576","kilobyte"
"1577","knowledge"
"1578","base"
"1579","kib"
"1580","kibibyte"
"1581","kde"
"1582","khz"
"1583","kilohertz"
"1584","km"
"1585","krl"
"1586","kvm"
"1587","mouse"
"1588","l10n"
"1589","localization"
"1590","l2tp"
"1591","tunneling"
"1592","lacp"
"1593","aggregation"
"1594","lamp"
"1595","mysql"
"1596","php"
"1597","python"
"1598","lba"
"1599","lb"
"1600","balancer"
"1601","lcd"
"1602","liquid"
"1603","crystal"
"1604","lcr"
"1605","least"
"1606","lcos"
"1607","silicon"
"1608","ldap"
"1609","lightweight"
"1610","le"
"1611","extents"
"1612","led"
"1613","lf"
"1614","feed"
"1615","lfs"
"1616","from"
"1617","scratch"
"1618","lgpl"
"1619","lesser"
"1620","lib"
"1621","lif"
"1622","insertion"
"1623","lifo"
"1624","last"
"1625","lilo"
"1626","lisp"
"1627","lkml"
"1628","kernel"
"1629","mailing"
"1630","lm"
"1631","loc"
"1632","lpc"
"1633","lars"
"1634","pensjö"
"1635","lpi"
"1636","professional"
"1637","lpt"
"1638","print"
"1639","lru"
"1640","recently"
"1641","used"
"1642","lsb"
"1643","significant"
"1644","lsi"
"1645","scale"
"1646","lte"
"1647","long"
"1648","term"
"1649","ltl"
"1650","linear"
"1651","ltr"
"1652","left"
"1653","right"
"1654","lug"
"1655","lun"
"1656","number"
"1657","lv"
"1658","lvd"
"1659","voltage"
"1660","differential"
"1661","lvm"
"1662","lzw"
"1663","lempel"
"1664","ziv"
"1665","welch"
"1666","lga"
"1667","land"
"1668","grid"
"1669","mac"
"1670","mandatory"
"1671","manet"
"1672","hoc"
"1673","man"
"1674","metropolitan"
"1675","mapi"
"1676","mbcs"
"1677","multi"
"1678","mbd"
"1679","mbr"
"1680","master"
"1681","record"
"1682","mb"
"1683","megabit"
"1684","megabyte"
"1685","mcad"
"1686","microsoft"
"1687","certified"
"1688","developer"
"1689","mcas"
"1690","specialist"
"1691","mca"
"1692","architect"
"1693","mcdba"
"1694","mcdst"
"1695","technician"
"1696","mcitp"
"1697","mcm"
"1698","mcpc"
"1699","channels"
"1700","mcpd"
"1701","mcp"
"1702","mcsa"
"1703","mcsd"
"1704","solution"
"1705","mcse"
"1706","engineer"
"1707","mcts"
"1708","mct"
"1709","trainer"
"1710","mda"
"1711","monochrome"
"1712","agent"
"1713","driven"
"1714","mdd"
"1715","mdsd"
"1716","mdf"
"1717","main"
"1718","mdi"
"1719","me"
"1720","mfc"
"1721","mfm"
"1722","modified"
"1723","mf"
"1724","medium"
"1725","mgcp"
"1726","mhz"
"1727","megahertz"
"1728","mib"
"1729","micr"
"1730","magnetic"
"1731","ink"
"1732","recognition"
"1733","midi"
"1734","musical"
"1735","instrument"
"1736","mimd"
"1737","mime"
"1738","multipurpose"
"1739","mimo"
"1740","minix"
"1741","mini"
"1742","mips"
"1743","microprocessor"
"1744","without"
"1745","interlocked"
"1746","pipeline"
"1747","stages"
"1748","million"
"1749","misd"
"1750","single"
"1751","mis"
"1752","mit"
"1753","massachusetts"
"1754","mmc"
"1755","console"
"1756","mmds"
"1757","mortality"
"1758","multichannel"
"1759","multipoint"
"1760","mmf"
"1761","optical"
"1762","mmio"
"1763","mapped"
"1764","mmi"
"1765","mmorpg"
"1766","massively"
"1767","multiplayer"
"1768","online"
"1769","role"
"1770","playing"
"1771","mmu"
"1772","mmx"
"1773","mng"
"1774","mobo"
"1775","mom"
"1776","middleware"
"1777","moo"
"1778","mud"
"1779","mop"
"1780","mosfet"
"1781","mos"
"1782","office"
"1783","motd"
"1784","mous"
"1785","mov"
"1786","quicktime"
"1787","mpaa"
"1788","motion"
"1789","picture"
"1790","america"
"1791","mpeg"
"1792","pictures"
"1793","mpls"
"1794","multiprotocol"
"1795","label"
"1796","mpl"
"1797","mozilla"
"1798","mpu"
"1799","ms"
"1800","msa"
"1801","submission"
"1802","msb"
"1803","most"
"1804","msdn"
"1805","msi"
"1806","signaled"
"1807","installer"
"1808","msn"
"1809","stick"
"1810","mta"
"1811","associate"
"1812","mtbf"
"1813","mean"
"1814","between"
"1815","failures"
"1816","mtu"
"1817","maximum"
"1818","transmission"
"1819","mt"
"1820","mua"
"1821","dungeon"
"1822","mu"
"1823","mvc"
"1824","view"
"1825","mvp"
"1826","valuable"
"1827","mvs"
"1828","mwc"
"1829","world"
"1830","congress"
"1831","mxf"
"1832","material"
"1833","mx"
"1834","nack"
"1835","negative"
"1836","nak"
"1837","acknowledge"
"1838","nan"
"1839","nap"
"1840","nas"
"1841","attached"
"1842","nasm"
"1843","netwide"
"1844","nat"
"1845","ncp"
"1846","netware"
"1847","ncq"
"1848","ncsa"
"1849","supercomputing"
"1850","applications"
"1851","ndis"
"1852","ndps"
"1853","novell"
"1854","nds"
"1855","nep"
"1856","netbios"
"1857","netbt"
"1858","tcp"
"1859","near"
"1860","nfa"
"1861","nondeterministic"
"1862","nfc"
"1863","nfs"
"1864","ngl"
"1865","angel"
"1866","ngscb"
"1867","ni"
"1868","instruments"
"1869","nic"
"1870","nim"
"1871","no"
"1872","internal"
"1873","nio"
"1874","blocking"
"1875","nist"
"1876","nlp"
"1877","natural"
"1878","nls"
"1879","nmi"
"1880","maskable"
"1881","nntp"
"1882","news"
"1883","noc"
"1884","nop"
"1885","nos"
"1886","np"
"1887","polynomial"
"1888","npl"
"1889","netscape"
"1890","nptl"
"1891","posix"
"1892","thread"
"1893","npu"
"1894","ns"
"1895","nsa"
"1896","appliance"
"1897","nsi"
"1898","nspr"
"1899","nss"
"1900","switch"
"1901","nt"
"1902","new"
"1903","ntfs"
"1904","ntlm"
"1905","ntp"
"1906","numa"
"1907","uniform"
"1908","nurbs"
"1909","rational"
"1910","spline"
"1911","nvr"
"1912","nvram"
"1913","volatile"
"1914","oasis"
"1915","advancement"
"1916","oat"
"1917","operational"
"1918","acceptance"
"1919","testing"
"1920","obsai"
"1921","station"
"1922","odbc"
"1923","oem"
"1924","original"
"1925","manufacturer"
"1926","oes"
"1927","ofdm"
"1928","orthogonal"
"1929","oftc"
"1930","oid"
"1931","olap"
"1932","analytical"
"1933","ole"
"1934","linking"
"1935","embedding"
"1936","oled"
"1937","olpc"
"1938","one"
"1939","laptop"
"1940","child"
"1941","oltp"
"1942","transaction"
"1943","omf"
"1944","omg"
"1945","omr"
"1946","reader"
"1947","oo"
"1948","openoffice"
"1949","ooe"
"1950","oom"
"1951","ooo"
"1952","openoffice.org"
"1953","oooe"
"1954","oop"
"1955","ootb"
"1956","opml"
"1957","outline"
"1958","orm"
"1959","relational"
"1960","mapping"
"1961","os"
"1962","oscon"
"1963","o'reilly"
"1964","convention"
"1965","osdn"
"1966","osi"
"1967","interconnection"
"1968","ospf"
"1969","shortest"
"1970","path"
"1971","oss"
"1972","ostg"
"1973","oui"
"1974","organisationally"
"1975","p2p"
"1976","peer"
"1977","paas"
"1978","pan"
"1979","personal"
"1980","pap"
"1981","password"
"1982","parc"
"1983","palo"
"1984","alto"
"1985","pata"
"1986","pbs"
"1987","batch"
"1988","pc"
"1989","pcb"
"1990","printed"
"1991","pci"
"1992","peripheral"
"1993","interconnect"
"1994","pcie"
"1995","x"
"1996","pcl"
"1997","printer"
"1998","pcmcia"
"1999","pcm"
"2000","pulse"
"2001","pcre"
"2002","regular"
"2003","expressions"
"2004","pd"
"2005","pda"
"2006","assistant"
"2007","pdf"
"2008","pdh"
"2009","plesiochronous"
"2010","pdp"
"2011","programmed"
"2012","pe"
"2013","physical"
"2014","practical"
"2015","extraction"
"2016","reporting"
"2017","pfa"
"2018","please"
"2019","find"
"2020","pg"
"2021","pga"
"2022","pin"
"2023","pgo"
"2024","profile"
"2025","guided"
"2026","pgp"
"2027","pretty"
"2028","good"
"2029","preprocessor"
"2030","pid"
"2031","proportional"
"2032","integral"
"2033","derivative"
"2034","pim"
"2035","pine"
"2036","email"
"2037","pio"
"2038","pkcs"
"2039","pki"
"2040","plc"
"2041","pld"
"2042","pl"
"2043","microcomputers"
"2044","p"
"2045","plt"
"2046","pmm"
"2047","post"
"2048","png"
"2049","pnp"
"2050","plug"
"2051","play"
"2052","pnrp"
"2053","poe"
"2054","poid"
"2055","persistent"
"2056","pojo"
"2057","plain"
"2058","old"
"2059","pop"
"2060","presence"
"2061","pop3"
"2062","v3"
"2063","formerly"
"2064","ix"
"2065","self"
"2066","ppc"
"2067","powerpc"
"2068","ppi"
"2069","pixels"
"2070","ppp"
"2071","pppoa"
"2072","pppoe"
"2073","pptp"
"2074","pr"
"2075","pull"
"2076","ps"
"2077","postscript"
"2078","psa"
"2079","psm"
"2080","psu"
"2081","supply"
"2082","psvi"
"2083","validation"
"2084","infoset"
"2085","pts"
"2086","phystechsoft"
"2087","pv"
"2088","pvg"
"2089","pvr"
"2090","pxe"
"2091","preboot"
"2092","pxi"
"2093","qdr"
"2094","quad"
"2095","qa"
"2096","qfp"
"2097","qos"
"2098","qotd"
"2099","quote"
"2100","qt"
"2101","quasar"
"2102","qtam"
"2103","queued"
"2104","teleprocessing"
"2105","qsop"
"2106","quarter"
"2107","qwave"
"2108","racf"
"2109","rad"
"2110","radius"
"2111","dial"
"2112","raid"
"2113","redundant"
"2114","raii"
"2115","acquisition"
"2116","initialization"
"2117","rait"
"2118","inexpensive"
"2119","tapes"
"2120","ram"
"2121","rarp"
"2122","reverse"
"2123","ras"
"2124","reliability"
"2125","serviceability"
"2126","rc"
"2127","region"
"2128","release"
"2129","candidate"
"2130","run"
"2131","commands"
"2132","rcs"
"2133","revision"
"2134","rd"
"2135","remove"
"2136","rdbms"
"2137","rdc"
"2138","rdf"
"2139","framework"
"2140","rdm"
"2141","rdos"
"2142","real"
"2143","rdp"
"2144","rds"
"2145","refal"
"2146","recursive"
"2147","functions"
"2148","rest"
"2149","representational"
"2150","regex"
"2151","expression"
"2152","regexp"
"2153","rf"
"2154","rfc"
"2155","comments"
"2156","rfi"
"2157","interference"
"2158","rfid"
"2159","identification"
"2160","rgb"
"2161","red"
"2162","rgba"
"2163","alpha"
"2164","rhl"
"2165","hat"
"2166","rhel"
"2167","ria"
"2168","rich"
"2169","riaa"
"2170","rip"
"2171","raster"
"2172","rir"
"2173","regional"
"2174","reduced"
"2175","rje"
"2176","rle"
"2177","length"
"2178","encoding"
"2179","rll"
"2180","limited"
"2181","rmdir"
"2182","rmi"
"2183","invocation"
"2184","rms"
"2185","richard"
"2186","matthew"
"2187","stallman"
"2188","romb"
"2189","rpg"
"2190","generator"
"2191","rpm"
"2192","rras"
"2193","rsa"
"2194","rivest"
"2195","shamir"
"2196","adleman"
"2197","rsi"
"2198","repetitive"
"2199","strain"
"2200","injury"
"2201","rss"
"2202","summary"
"2203","really"
"2204","simple"
"2205","syndication"
"2206","rtai"
"2207","rtc"
"2208","clock"
"2209","rte"
"2210","rtems"
"2211","multiprocessor"
"2212","rtl"
"2213","rtmp"
"2214","rtos"
"2215","rtp"
"2216","rts"
"2217","rtsp"
"2218","rtti"
"2219","rwd"
"2220","responsive"
"2221","saas"
"2222","sam"
"2223","account"
"2224","san"
"2225","sas"
"2226","serial"
"2227","scsi"
"2228","sax"
"2229","sbod"
"2230","spinning"
"2231","beachball"
"2232","sbp"
"2233","sbin"
"2234","superuser"
"2235","sbs"
"2236","sbu"
"2237","build"
"2238","scada"
"2239","supervisory"
"2240","scid"
"2241","scm"
"2242","scp"
"2243","copy"
"2244","scpc"
"2245","scpi"
"2246","scsa"
"2247","sctp"
"2248","stream"
"2249","sd"
"2250","sddl"
"2251","sdh"
"2252","synchronous"
"2253","sdi"
"2254","sec"
"2255","contact"
"2256","sdio"
"2257","sdk"
"2258","sdl"
"2259","directmedia"
"2260","sdn"
"2261","sdp"
"2262","session"
"2263","sdr"
"2264","defined"
"2265","sdram"
"2266","sdsl"
"2267","symmetric"
"2268","se"
"2269","ended"
"2270","sei"
"2271","seo"
"2272","engine"
"2273","sftp"
"2274","ssh"
"2275","sgi"
"2276","incorporated"
"2277","sgml"
"2278","generalized"
"2279","sgr"
"2280","graphic"
"2281","rendition"
"2282","sha"
"2283","hash"
"2284","shdsl"
"2285","pair"
"2286","sigcat"
"2287","special"
"2288","interest"
"2289","siggraph"
"2290","simd"
"2291","simm"
"2292","sip"
"2293","initiation"
"2294","supplementary"
"2295","ideographic"
"2296","sisd"
"2297","siso"
"2298","sled"
"2299","suse"
"2300","sles"
"2301","sli"
"2302","scalable"
"2303","slip"
"2304","slm"
"2305","sloc"
"2306","sme"
"2307","subject"
"2308","matter"
"2309","expert"
"2310","smf"
"2311","spm"
"2312","spmd"
"2313","sma"
"2314","subminiature"
"2315","smb"
"2316","smbios"
"2317","smil"
"2318","synchronized"
"2319","smp"
"2320","smps"
"2321","sms"
"2322","short"
"2323","smt"
"2324","simultaneous"
"2325","multithreading"
"2326","smtp"
"2327","sna"
"2328","snmp"
"2329","sntp"
"2330","soa"
"2331","soap"
"2332","optimal"
"2333","sopa"
"2334","stop"
"2335","piracy"
"2336","soc"
"2337","chip"
"2338","so"
"2339","soe"
"2340","soho"
"2341","soi"
"2342","insulator"
"2343","sp"
"2344","pack"
"2345","spa"
"2346","page"
"2347","spf"
"2348","sender"
"2349","policy"
"2350","spi"
"2351","stateful"
"2352","sparc"
"2353","sql"
"2354","query"
"2355","sram"
"2356","static"
"2357","ssa"
"2358","assignment"
"2359","ssd"
"2360","solid"
"2361","ssdp"
"2362","sse"
"2363","ssi"
"2364","includes"
"2365","ssid"
"2366","ssl"
"2367","socket"
"2368","sso"
"2369","sign"
"2370","ssp"
"2371","ssse"
"2372","sssp"
"2373","sstp"
"2374","su"
"2375","sus"
"2376","und"
"2377","entwicklung"
"2378","svc"
"2379","svg"
"2380","vector"
"2381","svga"
"2382","super"
"2383","svd"
"2384","vlsi"
"2385","swf"
"2386","shock"
"2387","wave"
"2388","swt"
"2389","widget"
"2390","sysop"
"2391","operator"
"2392","tao"
"2393","track"
"2394","tapi"
"2395","tasm"
"2396","turbo"
"2397","tb"
"2398","terabyte"
"2399","tcl"
"2400","tcu"
"2401","tdma"
"2402","tft"
"2403","thin"
"2404","film"
"2405","tif"
"2406","tagged"
"2407","tftp"
"2408","trivial"
"2409","ti"
"2410","texas"
"2411","tla"
"2412","three"
"2413","letter"
"2414","tld"
"2415","top"
"2416","tls"
"2417","tlv"
"2418","value"
"2419","tmp"
"2420","temporary"
"2421","tnc"
"2422","node"
"2423","threaded"
"2424","tpf"
"2425","tpm"
"2426","trusted"
"2427","troff"
"2428","trace"
"2429","tron"
"2430","nucleus"
"2431","trsdos"
"2432","tandy"
"2433","shack"
"2434","tso"
"2435","option"
"2436","tsp"
"2437","traveling"
"2438","salesman"
"2439","problem"
"2440","tsr"
"2441","terminate"
"2442","stay"
"2443","resident"
"2444","tta"
"2445","true"
"2446","tap"
"2447","ttf"
"2448","truetype"
"2449","font"
"2450","ttl"
"2451","tts"
"2452","text"
"2453","speech"
"2454","tty"
"2455","teletype"
"2456","tucows"
"2457","ultimate"
"2458","winsock"
"2459","tug"
"2460","twain"
"2461","an"
"2462","interesting"
"2463","uaag"
"2464","uac"
"2465","uart"
"2466","universal"
"2467","receiver"
"2468","transmitter"
"2469","uat"
"2470","ucs"
"2471","uddi"
"2472","udma"
"2473","ultra"
"2474","udp"
"2475","uefi"
"2476","uhf"
"2477","ui"
"2478","ul"
"2479","upload"
"2480","ula"
"2481","uncommitted"
"2482","uma"
"2483","upper"
"2484","umb"
"2485","uml"
"2486","umpc"
"2487","umts"
"2488","unc"
"2489","univac"
"2490","mks"
"2491","ups"
"2492","uninterruptible"
"2493","uri"
"2494","url"
"2495","locator"
"2496","urn"
"2497","usb"
"2498","usr"
"2499","u.s"
"2500","robotics"
"2501","utc"
"2502","coordinated"
"2503","utf"
"2504","unicode"
"2505","transformation"
"2506","utp"
"2507","unshielded"
"2508","twisted"
"2509","utran"
"2510","terrestrial"
"2511","uucp"
"2512","uuid"
"2513","universally"
"2514","uun"
"2515","uvc"
"2516","uwp"
"2517","ux"
"2518","var"
"2519","vax"
"2520","vcpi"
"2521","vr"
"2522","reality"
"2523","vrml"
"2524","vb"
"2525","vba"
"2526","vbs"
"2527","script"
"2528","vdi"
"2529","vdu"
"2530","vdm"
"2531","vdsl"
"2532","very"
"2533","vesa"
"2534","vfat"
"2535","vhd"
"2536","vfs"
"2537","vga"
"2538","vhf"
"2539","vlan"
"2540","vlsm"
"2541","subnet"
"2542","mask"
"2543","vlb"
"2544","vlf"
"2545","vliw"
"2546","word"
"2547","vm"
"2548","vmm"
"2549","vnc"
"2550","vod"
"2551","demand"
"2552","voip"
"2553","vpn"
"2554","vpu"
"2555","vsam"
"2556","vsat"
"2557","aperture"
"2558","vt"
"2559","vtl"
"2560","vtam"
"2561","vram"
"2562","w3c"
"2563","wide"
"2564","consortium"
"2565","wwdc"
"2566","conference"
"2567","wafs"
"2568","wai"
"2569","wais"
"2570","wan"
"2571","wap"
"2572","wasm"
"2573","watcom"
"2574","wbem"
"2575","wcag"
"2576","wcf"
"2577","wdm"
"2578","wavelength"
"2579","webdav"
"2580","www"
"2581","wep"
"2582","wired"
"2583","equivalent"
"2584","wfi"
"2585","wait"
"2586","wimax"
"2587","worldwide"
"2588","interoperability"
"2589","microwave"
"2590","winfs"
"2591","winrt"
"2592","wins"
"2593","wlan"
"2594","wma"
"2595","wmi"
"2596","wmv"
"2597","wns"
"2598","push"
"2599","wol"
"2600","wake"
"2601","wor"
"2602","ring"
"2603","wora"
"2604","write"
"2605","anywhere"
"2606","wore"
"2607","everywhere"
"2608","wpa"
"2609","wi"
"2610","fi"
"2611","wpad"
"2612","proxy"
"2613","autodiscovery"
"2614","wpan"
"2615","wpf"
"2616","presentation"
"2617","ws"
"2618","d"
"2619","wsdl"
"2620","wsfl"
"2621","wusb"
"2622","wwan"
"2623","wwid"
"2624","wwn"
"2625","wysiwyg"
"2626","what"
"2627","you"
"2628","see"
"2629","get"
"2630","wzc"
"2631","xag"
"2632","xaml"
"2633","xdm"
"2634","xdmcp"
"2635","xcbl"
"2636","xhtml"
"2637","xilp"
"2638","listproc"
"2639","xmms"
"2640","xmpp"
"2641","xms"
"2642","xns"
"2643","xerox"
"2644","xp"
"2645","extreme"
"2646","xpcom"
"2647","xpi"
"2648","xpinstall"
"2649","xpidl"
"2650","xps"
"2651","paper"
"2652","xsd"
"2653","xsl"
"2654","stylesheet"
"2655","fo"
"2656","formatting"
"2657","xslt"
"2658","transformations"
"2659","xss"
"2660","xtf"
"2661","tag"
"2662","triton"
"2663","xul"
"2664","xvga"
"2665","y2k"
"2666","year"
"2667","thousand"
"2668","yaaf"
"2669","yet"
"2670","yacc"
"2671","yaml"
"2672","ain't"
"2673","yast"
"2674","setup"
"2675","zcav"
"2676","constant"
"2677","angular"
"2678","velocity"
"2679","zcs"
"2680","suppression"
"2681","zif"
"2682","zifs"
"2683","zip"
"2684","zisc"
"2685","zoi"
"2686","infinity"
"2687","zope"
"2688","z"
"2689","zma"
"2690","multicast"
"2691","zpl"
